{
  "hash": "b690e321",
  "configHash": "5925b14a",
  "lockfileHash": "31386fbf",
  "browserHash": "3d214aba",
  "optimized": {
    "@angular/common": {
      "src": "../../../../../../node_modules/@angular/common/fesm2022/common.mjs",
      "file": "@angular_common.js",
      "fileHash": "66dc8735",
      "needsInterop": false
    },
    "@angular/common/http": {
      "src": "../../../../../../node_modules/@angular/common/fesm2022/http.mjs",
      "file": "@angular_common_http.js",
      "fileHash": "7738e75b",
      "needsInterop": false
    },
    "@angular/core": {
      "src": "../../../../../../node_modules/@angular/core/fesm2022/core.mjs",
      "file": "@angular_core.js",
      "fileHash": "3ebee599",
      "needsInterop": false
    },
    "@angular/forms": {
      "src": "../../../../../../node_modules/@angular/forms/fesm2022/forms.mjs",
      "file": "@angular_forms.js",
      "fileHash": "52dc5ac3",
      "needsInterop": false
    },
    "@angular/platform-browser": {
      "src": "../../../../../../node_modules/@angular/platform-browser/fesm2022/platform-browser.mjs",
      "file": "@angular_platform-browser.js",
      "fileHash": "fa1b1622",
      "needsInterop": false
    },
    "@angular/platform-server/init": {
      "src": "../../../../../../node_modules/@angular/platform-server/fesm2022/init.mjs",
      "file": "@angular_platform-server_init.js",
      "fileHash": "ada74908",
      "needsInterop": false
    },
    "@angular/router": {
      "src": "../../../../../../node_modules/@angular/router/fesm2022/router.mjs",
      "file": "@angular_router.js",
      "fileHash": "d3438877",
      "needsInterop": false
    },
    "@angular/ssr": {
      "src": "../../../../../../node_modules/@angular/ssr/fesm2022/ssr.mjs",
      "file": "@angular_ssr.js",
      "fileHash": "06ea64e2",
      "needsInterop": false
    },
    "@angular/ssr/node": {
      "src": "../../../../../../node_modules/@angular/ssr/fesm2022/node.mjs",
      "file": "@angular_ssr_node.js",
      "fileHash": "43ba1473",
      "needsInterop": false
    },
    "express": {
      "src": "../../../../../../node_modules/express/index.js",
      "file": "express.js",
      "fileHash": "889d4d1f",
      "needsInterop": true
    },
    "zone.js/node": {
      "src": "../../../../../../node_modules/zone.js/fesm2015/zone-node.js",
      "file": "zone__js_node.js",
      "fileHash": "0cac4d9c",
      "needsInterop": true
    },
    "sweetalert2": {
      "src": "../../../../../../node_modules/sweetalert2/dist/sweetalert2.esm.all.js",
      "file": "sweetalert2.js",
      "fileHash": "7e26746e",
      "needsInterop": false
    },
    "rxjs/operators": {
      "src": "../../../../../../node_modules/rxjs/dist/cjs/operators/index.js",
      "file": "rxjs_operators.js",
      "fileHash": "a79a50ec",
      "needsInterop": true
    }
  },
  "chunks": {
    "chunk-MJC5FUK3": {
      "file": "chunk-MJC5FUK3.js"
    },
    "xhr2-WBTWOK2V": {
      "file": "xhr2-WBTWOK2V.js"
    },
    "chunk-IEP45JM5": {
      "file": "chunk-IEP45JM5.js"
    },
    "chunk-YOUJL6HX": {
      "file": "chunk-YOUJL6HX.js"
    },
    "chunk-ORHR45HF": {
      "file": "chunk-ORHR45HF.js"
    },
    "chunk-H76GE5JT": {
      "file": "chunk-H76GE5JT.js"
    },
    "chunk-NUIRRZQL": {
      "file": "chunk-NUIRRZQL.js"
    },
    "chunk-KVQGOWTQ": {
      "file": "chunk-KVQGOWTQ.js"
    },
    "chunk-KRQPFOWX": {
      "file": "chunk-KRQPFOWX.js"
    },
    "chunk-YHCV7DAQ": {
      "file": "chunk-YHCV7DAQ.js"
    }
  }
}