{
  "hash": "2246eac8",
  "configHash": "88715e84",
  "lockfileHash": "31386fbf",
  "browserHash": "fb0e46c0",
  "optimized": {
    "@angular/common": {
      "src": "../../../../../../node_modules/@angular/common/fesm2022/common.mjs",
      "file": "@angular_common.js",
      "fileHash": "49c698b1",
      "needsInterop": false
    },
    "@angular/common/http": {
      "src": "../../../../../../node_modules/@angular/common/fesm2022/http.mjs",
      "file": "@angular_common_http.js",
      "fileHash": "d3c14a73",
      "needsInterop": false
    },
    "@angular/core": {
      "src": "../../../../../../node_modules/@angular/core/fesm2022/core.mjs",
      "file": "@angular_core.js",
      "fileHash": "c0782839",
      "needsInterop": false
    },
    "@angular/forms": {
      "src": "../../../../../../node_modules/@angular/forms/fesm2022/forms.mjs",
      "file": "@angular_forms.js",
      "fileHash": "6863972c",
      "needsInterop": false
    },
    "@angular/platform-browser": {
      "src": "../../../../../../node_modules/@angular/platform-browser/fesm2022/platform-browser.mjs",
      "file": "@angular_platform-browser.js",
      "fileHash": "d8145348",
      "needsInterop": false
    },
    "@angular/router": {
      "src": "../../../../../../node_modules/@angular/router/fesm2022/router.mjs",
      "file": "@angular_router.js",
      "fileHash": "e0bd0e9a",
      "needsInterop": false
    },
    "zone.js": {
      "src": "../../../../../../node_modules/zone.js/fesm2015/zone.js",
      "file": "zone__js.js",
      "fileHash": "d764b4e5",
      "needsInterop": true
    },
    "sweetalert2": {
      "src": "../../../../../../node_modules/sweetalert2/dist/sweetalert2.esm.all.js",
      "file": "sweetalert2.js",
      "fileHash": "594a9e7f",
      "needsInterop": false
    },
    "rxjs/operators": {
      "src": "../../../../../../node_modules/rxjs/dist/esm5/operators/index.js",
      "file": "rxjs_operators.js",
      "fileHash": "0940409c",
      "needsInterop": false
    }
  },
  "chunks": {
    "chunk-YS7MNLAM": {
      "file": "chunk-YS7MNLAM.js"
    },
    "chunk-TI4O3SIF": {
      "file": "chunk-TI4O3SIF.js"
    },
    "chunk-Q3RNJ4XW": {
      "file": "chunk-Q3RNJ4XW.js"
    },
    "chunk-ZH6LALFQ": {
      "file": "chunk-ZH6LALFQ.js"
    },
    "chunk-E4EMC3DI": {
      "file": "chunk-E4EMC3DI.js"
    },
    "chunk-WPXXXN57": {
      "file": "chunk-WPXXXN57.js"
    },
    "chunk-WDMUDEB6": {
      "file": "chunk-WDMUDEB6.js"
    }
  }
}